,Table 1: Total Sales of Goods Produced and Services Provided (including sales to the dairy board),,,,,,,,,,,,,,,,,,,,,,,,
,,2000,2001,2002,2003,2004,2005,2006,2007,2008,2009,2010,2011,2012,2013,2014,2015,2016,2017,2018,2019,2020,2021,19/20,Nov-20
,Broad Sector (NACE Rev3),€ m,€ m,€ m,€ m,€ m,€ m,€ m,€ m,€ m,€ m,€ m,€ m,€ m,€ m,€ m,€ m,€ m,€ m,€ m,€ m,€ m,€ m,%,%
Broad Sector NACE Rev3," Food, Drink & Primary Production ","9,227","9,675","9,861","9,123","9,306","9,619","9,812","11,101","10,738","9,174","9,669","10,893","11,069","12,405","13,261","13,206","13,118","15,176","15,726","16,131","16,266","16,783",0.8,49
, Traditional Manufacturing ,"5,914","5,991","5,887","5,745","6,111","6,348","7,119","7,461","6,895","4,696","4,315","4,919","4,828","5,239","6,158","6,964","6,915","7,796","8,023","8,727","8,645","9,226",-0.9,76
, Modern Manufacturing ,"1,191","1,260","1,176","1,124","1,092","1,176","1,274","1,285","1,280","1,117","1,141","1,263","1,560","1,593","1,664","2,019","2,253","2,418","2,421","2,300","2,667","3,022",16,111
," Energy, Water, Waste & Construction ","2,492","2,548","2,940","2,832","3,298","3,759","4,609","5,149","5,989","4,476","3,239","3,231","3,149","3,337","3,722","4,242","5,090","5,653","6,474","7,543","8,132","8,985",7.8,152
, Information & Communication Services ,"1,224","1,492","1,118","1,052","1,168","1,318","1,387","1,612","1,645","1,576","1,726","1,896","2,057","2,250","2,595","2,992","3,107","3,416","3,627","4,040","3,829","4,538",-5.2,102
," Business, Financial & Other Services ","1,916","2,013","2,097","2,283","2,674","3,090","3,677","3,584","4,434","4,183","4,129","4,087","3,929","4,230","4,891","5,993","6,581","6,723","6,823","7,707","7,340","7,969",-4.8,80
, Grand Total ,"21,963","22,978","23,080","22,159","23,649","25,309","27,879","30,193","30,981","25,222","24,219","26,290","26,593","29,055","32,290","35,416","37,063","41,181","43,094","46,447","46,878","50,523",0.9,78
NUTS3 Region, Border ,"2,264","2,360","2,531","2,682","2,821","3,186","3,436","3,898","3,862","3,298","3,268","3,508","2,948","3,156","3,436","3,637","3,722","4,169","4,173","4,444","4,549","4,712",2.3,30
, West ,"1,184","1,454","1,414","1,315","1,255","1,321","1,357","1,456","1,728","1,478","1,356","1,539","1,748","1,787","1,954","2,059","2,108","2,238","2,316","2,635","2,809","3,000",6.6,82
, Midlands ,"1,090","1,078","1,012","1,120","1,248","1,435","1,659","1,642","1,580","1,320","1,238","1,427","1,432","1,651","1,881","1,981","2,072","2,281","2,282","2,536","2,457","2,483",-3.1,72
, Mid-East ,"2,557","2,519","2,609","2,256","2,482","2,666","3,054","3,090","3,549","3,070","2,899","3,287","3,614","3,875","4,258","4,751","4,671","5,059","5,218","5,266","5,437","5,777",3.2,65
, Dublin ,"7,082","7,498","7,699","7,591","7,950","8,733","9,999","10,089","10,473","8,316","7,484","7,563","7,622","8,287","9,562","11,362","12,755","13,848","15,149","16,666","16,455","18,765",-1.3,118
, South-East ,"3,477","3,640","3,356","3,078","3,446","3,313","3,691","3,955","3,692","2,849","3,096","3,540","3,603","3,851","4,148","4,226","4,277","4,878","4,908","5,432","5,492","5,823",1.1,55
, South-West ,"2,693","2,854","3,057","2,672","2,925","2,965","2,864","3,955","3,576","2,879","3,052","3,647","3,757","4,386","4,753","4,900","4,848","5,707","5,772","6,136","6,206","6,249",1.1,70
, Mid-West ,"1,616","1,575","1,403","1,444","1,523","1,690","1,820","2,108","2,521","2,012","1,825","1,780","1,869","2,061","2,297","2,500","2,610","3,000","3,275","3,331","3,475","3,715",4.3,95
, Grand Total ,"21,963","22,978","23,080","22,159","23,649","25,309","27,879","30,193","30,981","25,222","24,219","26,290","26,593","29,055","32,290","35,416","37,063","41,181","43,094","46,447","46,878","50,523",0.9,78
,,,,,,,,,,,,,,,,,,,,,,,,,
,Table 2: Total Employment,,,,,,,,,,,,,,,,,,,,,,,,
,,2000,2001,2002,2003,2004,2005,2006,2007,2008,2009,2010,2011,2012,2013,2014,2015,2016,2017,2018,2019,2020,2021,19/20,Nov-20
,Broad Sector (NACE Rev3),,,,,,,,,,,,,,,,,,,,,,,%,%
Broad Sector NACE Rev3," Food, Drink & Primary Production ","40,742","40,846","39,518","35,928","35,466","36,621","34,689","35,965",..,..,..,..,..,..,..,..,"38,189","40,697","42,173","40,817","41,328","42,518",1.3,30
, Traditional Manufacturing ,"55,632","51,764","49,635","44,941","43,118","42,526","46,025","42,638","36,834","30,908","29,037","30,562","29,944","31,571","35,228","38,302","37,315","40,577","41,042","42,679","42,702","44,422",0.1,40
, Modern Manufacturing ,"10,792","10,191","9,894","9,349","8,718","8,940","9,036","9,193","7,773","7,453","7,280","8,001","9,444","9,116","9,180","9,830","10,456","10,956","10,929","11,616","12,385","13,829",6.6,55
," Energy, Water, Waste & Construction ","5,943","6,346",..,"8,729",..,"9,380",..,..,..,..,..,..,..,..,..,..,"14,577","15,331","15,748","17,444","20,391","21,922",16.9,86
, Information & Communication Services ,"12,463","13,545","11,464","10,259","9,973","10,309","10,909","11,015","11,254","12,490","13,115","14,651","15,659","16,404","18,371","20,251","20,048","21,416","23,097","24,737","25,434","28,857",2.8,74
," Business, Financial & Other Services ","13,093","12,231",..,"10,030",..,"13,080",..,..,"21,913","20,744","21,758","22,366","22,181","21,756","25,692","28,208","28,412","31,521","29,894","30,613","30,394","32,770",-0.7,36
, Grand Total ,"138,665","134,923","130,705","119,238","117,710","120,856","126,206","128,004","125,917","113,770","111,154","118,420","121,147","124,327","137,719","147,260","148,997","160,498","162,882","167,906","172,633","184,318",2.8,46
NUTS3 Region, Border ,"14,376","13,227","11,829","11,983","12,343","13,575","14,188","14,199","13,313","11,860","11,810","12,496","11,156","11,666","12,498","13,258","13,756","15,140","14,455","15,259","15,190","15,929",-0.5,22
, West ,"9,432","10,171","10,091","9,772","8,754","8,899","9,664","10,083","10,636","9,421","9,976","10,417","10,221","9,959","10,052","10,544","10,707","12,131","12,037","13,331","13,352","14,694",0.2,28
, Midlands ,"7,676","6,279","5,643","5,955","6,483","7,167","7,961","7,852","7,330","6,175","5,775","6,622","6,408","6,662","7,809","8,360","8,276","8,822","8,776","8,991","8,969","9,249",-0.2,35
, Mid-East ,"16,229","16,394","16,221","13,736","13,971","14,378","15,446","15,402","15,727","14,601","13,902","15,112","16,340","17,747","19,396","20,708","20,187","21,752","22,402","23,261","23,888","25,172",2.7,58
, Dublin ,"45,379","43,497","43,202","39,360","35,722","36,924","39,151","38,013","39,068","36,861","35,859","37,380","39,407","39,122","44,593","47,793","49,457","51,720","53,209","52,658","54,609","58,976",3.7,46
, South-East ,"18,619","18,440","16,662","15,123","15,826","14,495","16,525","17,114","13,346","12,087","11,744","13,070","13,292","13,281","14,629","15,090","15,092","15,654","17,357","18,120","19,380","20,720",7,48
, South-West ,"15,545","15,786","16,449","12,916","14,266","14,662","13,264","15,405","14,404","13,183","13,040","14,613","15,490","16,838","19,324","20,341","20,165","22,891","21,076","22,187","22,296","23,404",0.5,53
, Mid-West ,"11,409","11,128","10,610","10,393","10,346","10,756","10,007","9,935","12,094","9,584","9,049","8,711","8,832","9,052","9,417","11,166","11,358","12,389","13,570","14,099","14,948","16,174",6,72
, Grand Total ,"138,665","134,923","130,705","119,238","117,710","120,856","126,206","128,004","125,917","113,770","111,154","118,420","121,147","124,327","137,719","147,260","148,997","160,498","162,882","167,906","172,633","184,318",2.8,46
,,,,,,,,,,,,,,,,,,,,,,,,,
,,,,,,,,,,,,,,,,,,,,,,,,,
,Table 3: Total Sales per Person Employed in Manufacturing and Int. Traded Services,,,,,,,,,,,,,,,,,,,,,,,,
,,2000,2001,2002,2003,2004,2005,2006,2007,2008,2009,2010,2011,2012,2013,2014,2015,2016,2017,2018,2019,2020,2021,19/20,Nov-20
,Broad Sector (NACE Rev3),€ k,€ k,€ k,€ k,€ k,€ k,€ k,€ k,€ k,€ k,€ k,€ k,€ k,€ k,€ k,€ k,€ k,€ k,€ k,€ k,€ k,€ k,%,%
Broad Sector NACE Rev3," Food, Drink & Primary Production ",226,237,250,254,262,263,283,309,..,..,..,..,..,..,..,..,343,373,373,395,394,395,-0.4,15
, Traditional Manufacturing ,106,116,119,128,142,149,155,175,187,152,149,161,161,166,175,182,185,192,195,204,202,208,-1,26
, Modern Manufacturing ,110,124,119,120,125,131,141,140,165,150,157,158,165,175,181,205,215,221,222,198,215,219,8.8,36
," Energy, Water, Waste & Construction ",419,401,..,324,..,401,..,..,..,..,..,..,..,..,..,..,349,369,411,432,399,410,-7.8,35
, Information & Communication Services ,98,110,98,103,117,128,127,146,146,126,132,129,131,137,141,148,155,160,157,163,151,157,-7.8,16
," Business, Financial & Other Services ",146,165,..,228,..,236,..,..,202,202,190,183,177,194,190,212,232,213,228,252,241,243,-4.1,32
, Grand Total ,158,170,177,186,201,209,221,236,246,222,218,222,220,234,234,240,249,257,265,277,272,274,-1.8,22
NUTS3 Region, Border ,157,178,214,224,229,235,242,275,290,278,277,281,264,271,275,274,271,275,289,291,299,296,2.8,7
, West ,126,143,140,135,143,148,140,144,162,157,136,148,171,179,194,195,197,185,192,198,210,204,6.4,42
, Midlands ,142,172,179,188,192,200,208,209,216,214,214,215,223,248,241,237,250,259,260,282,274,268,-2.9,27
, Mid-East ,158,154,161,164,178,185,198,201,226,210,209,217,221,218,220,229,231,233,233,226,228,229,0.5,5
, Dublin ,156,172,178,193,223,237,255,265,268,226,209,202,193,212,214,238,258,268,285,316,301,318,-4.8,49
, South-East ,187,197,201,204,218,229,223,231,277,236,264,271,271,290,284,280,283,312,283,300,283,281,-5.5,5
, South-West ,173,181,186,207,205,202,216,257,248,218,234,250,243,260,246,241,240,249,274,277,278,267,0.6,12
, Mid-West ,142,142,132,139,147,157,182,212,208,210,202,204,212,228,244,224,230,242,241,236,232,230,-1.6,14
, Grand Total ,158,170,177,186,201,209,221,236,246,222,218,222,220,234,234,240,249,257,265,277,272,274,-1.8,22
,,,,,,,,,,,,,,,,,,,,,,,,,
,,,,,,,,,,,,,,,,,,,,,,,,,
,,,,,,,,,,,,,,,,,,,,,,,,,
,,,,,,,,,,,,,,,,,,,,,,,,,
,Table 4: Total Exports,,,,,,,,,,,,,,,,,,,,,,,,
,,2000,2001,2002,2003,2004,2005,2006,2007,2008,2009,2010,2011,2012,2013,2014,2015,2016,2017,2018,2019,2020,2021,19/20,Nov-20
,Broad Sector (NACE Rev3),€ m,€ m,€ m,€ m,€ m,€ m,€ m,€ m,€ m,€ m,€ m,€ m,€ m,€ m,€ m,€ m,€ m,€ m,€ m,€ m,€ m,€ m,%,%
Broad Sector NACE Rev3," Food, Drink & Primary Production ","3,828","3,706","3,819","3,676","3,732","4,097","4,457","4,731",..,..,..,..,..,..,..,..,..,..,..,..,..,..,1.6,58
, Traditional Manufacturing ,"1,630","1,674","1,652","1,515","1,508","1,539","1,659","1,993","1,855","1,459","1,686","2,253","2,315","2,426","2,807","3,101","3,051","3,406","3,536","3,684","3,622","4,088",-1.7,61
, Modern Manufacturing ,630,651,586,610,564,648,732,721,720,645,745,819,"1,077","1,088","1,101","1,387","1,580","1,672","1,710","1,589","1,746","2,030",9.9,113
," Energy, Water, Waste & Construction ",..,..,..,..,..,..,..,..,..,..,..,..,..,..,..,..,..,..,..,..,..,..,8.5,132
, Information & Communication Services ,679,887,609,614,665,769,801,837,772,719,855,967,"1,120","1,211","1,396","1,634","1,765","1,946","2,076","2,272","2,148","2,684",-5.5,122
," Business, Financial & Other Services ",..,..,..,..,..,..,..,..,"1,659","1,694","1,766","1,807","2,037","2,095","2,494","3,177","3,613","3,705","3,842","4,465","4,313","4,815",-3.4,139
, Grand Total ,"7,563","7,667","7,477","7,460","7,787","8,574","9,328","10,328","10,177","8,886","10,199","12,306","12,858","13,559","15,095","17,089","17,943","19,600","21,267","22,807","22,987","25,456",0.8,87
NUTS3 Region, Border ,962,"1,026","1,130","1,251","1,219","1,464","1,502","1,821","1,813","1,571","1,548","1,719","1,742","1,746","1,951","2,071","2,081","2,295","2,419","2,662","2,685","2,798",0.9,56
, West ,365,443,450,429,358,378,377,442,482,437,492,613,758,762,847,942,"1,032","1,066","1,053","1,158","1,255","1,375",8.4,105
, Midlands ,279,324,320,357,361,435,478,480,456,454,551,697,708,841,995,999,"1,050","1,172","1,022","1,151",978,"1,060",-15,40
, Mid-East ,"1,190","1,022","1,121","1,069","1,127","1,243","1,425","1,401","1,675","1,391","1,471","1,696","1,845","1,856","2,115","2,348","2,290","2,546","2,676","2,644","2,679","2,885",1.3,58
, Dublin ,"1,886","2,009","1,795","1,893","2,039","2,241","2,333","2,276","2,396","2,325","2,828","3,454","3,560","3,819","4,352","5,673","6,263","6,638","7,870","8,893","8,765","10,453",-1.4,154
, South-East ,"1,740","1,654","1,467","1,405","1,497","1,503","1,589","1,675","1,444","1,090","1,377","1,684","1,679","1,776","1,930","1,943","1,981","2,191","2,340","2,557","2,619","2,721",2.4,56
, South-West ,657,699,751,588,672,765,835,"1,413","1,164",956,"1,240","1,587","1,636","1,773","1,937","1,967","2,039","2,317","2,404","2,363","2,425","2,439",2.6,53
, Mid-West ,484,490,443,467,514,545,788,821,748,662,692,857,931,986,968,"1,145","1,209","1,376","1,483","1,379","1,580","1,725",14.6,84
, Grand Total ,"7,563","7,667","7,477","7,460","7,787","8,574","9,328","10,328","10,177","8,886","10,199","12,306","12,858","13,559","15,095","17,089","17,943","19,600","21,267","22,807","22,987","25,456",0.8,87
,,,,,,,,,,,,,,,,,,,,,,,,,
,,,,,,,,,,,,,,,,,,,,,,,,,
,,,,,,,,,,,,,,,,,,,,,,,,,
,Table 5: Total Exports as a percentage of Total Sales in Manufacturing and Int. Traded Services,,,,,,,,,,,,,,,,,,,,,,,,
,,2000,2001,2002,2003,2004,2005,2006,2007,2008,2009,2010,2011,2012,2013,2014,2015,2016,2017,2018,2019,2020,2021,19/20,Nov-20
,Broad Sector (NACE Rev3),%,%,%,%,%,%,%,%,%,%,%,%,%,%,%,%,%,%,%,%,%,%,%,%
Broad Sector NACE Rev3," Food, Drink & Primary Production ",41,38,39,40,40,43,45,43,..,..,..,..,..,..,..,..,..,..,..,..,..,..,0.8,6
, Traditional Manufacturing ,28,28,28,26,25,24,23,27,27,31,39,46,48,46,46,45,44,44,44,42,42,44,-0.8,-9
, Modern Manufacturing ,53,52,50,54,52,55,57,56,56,58,65,65,69,68,66,69,70,69,71,69,65,67,-5.3,1
," Energy, Water, Waste & Construction ",..,..,..,..,..,..,..,..,..,..,..,..,..,..,..,..,..,..,..,..,..,..,0.7,-8
, Information & Communication Services ,56,59,54,58,57,58,58,52,47,46,50,51,54,54,54,55,57,57,57,56,56,59,-0.3,10
," Business, Financial & Other Services ",..,..,..,..,..,..,..,47,37,40,43,44,52,50,51,53,55,55,56,58,59,60,1.4,33
, Grand Total ,34,33,32,34,33,34,33,34,33,35,42,47,48,47,47,48,48,48,49,49,49,50,-0.1,5
NUTS3 Region, Border ,42,43,45,47,43,46,44,47,47,48,47,49,59,55,57,57,56,55,58,60,59,59,-1.4,20
, West ,31,30,32,33,29,29,28,30,28,30,36,40,43,43,43,46,49,48,45,44,45,46,1.7,12
, Midlands ,26,30,32,32,29,30,29,29,29,34,44,49,49,51,53,50,51,51,45,45,40,43,-12.3,-18
, Mid-East ,47,41,43,47,45,47,47,45,47,45,51,52,51,48,50,49,49,50,51,50,49,50,-1.9,-5
, Dublin ,27,27,23,25,26,26,23,23,23,28,38,46,47,46,46,50,49,48,52,53,53,56,-0.2,17
, South-East ,50,45,44,46,43,45,43,42,39,38,44,48,47,46,47,46,46,45,48,47,48,47,1.3,0
, South-West ,24,25,25,22,23,26,29,36,33,33,41,44,44,40,41,40,42,41,42,39,39,39,1.5,-10
, Mid-West ,30,31,32,32,34,32,43,39,30,33,38,48,50,48,42,46,46,46,45,41,45,46,9.9,-6
, Grand Total ,34,33,32,34,33,34,33,34,33,35,42,47,48,47,47,48,48,48,49,49,49,50,-0.1,5
,,,,,,,,,,,,,,,,,,,,,,,,,
,,,,,,,,,,,,,,,,,,,,,,,,,
,,,,,,,,,,,,,,,,,,,,,,,,,
,,,,,,,,,,,,,,,,,,,,,,,,,
,,,,,,,,,,,,,,,,,,,,,,,,,
,,,,,,,,,,,,,,,,,,,,,,,,,
,,,,,,,,,,,,,,,,,,,,,,,,,
,Table 6: Total Payroll Costs,,,,,,,,,,,,,,,,,,,,,,,,
,,2000,2001,2002,2003,2004,2005,2006,2007,2008,2009,2010,2011,2012,2013,2014,2015,2016,2017,2018,2019,2020,2021,19/20,Nov-20
,Broad Sector (NACE Rev3),€ m,€ m,€ m,€ m,€ m,€ m,€ m,€ m,€ m,€ m,€ m,€ m,€ m,€ m,€ m,€ m,€ m,€ m,€ m,€ m,€ m,€ m,%,%
Broad Sector NACE Rev3," Food, Drink & Primary Production ","1,076","1,135","1,221","1,149","1,140","1,218","1,215","1,303",..,..,"1,123",..,..,..,..,..,"1,523","1,625","1,744","1,752","1,758",,0.4,47
, Traditional Manufacturing ,"1,355","1,394","1,407","1,401","1,468","1,483","1,692","1,690","1,603","1,260","1,153","1,196","1,198","1,321","1,498","1,669","1,669","1,896","1,988","2,114","2,017",,-4.6,69
, Modern Manufacturing ,266,289,298,290,282,322,340,372,347,315,313,338,400,389,416,457,491,533,550,590,616,,4.3,82
," Energy, Water, Waste & Construction ",..,..,..,..,..,542,608,..,..,..,..,..,..,..,..,..,811,887,881,"1,026","1,095",,6.7,87
, Information & Communication Services ,480,571,515,429,459,516,566,591,610,622,640,748,825,874,"1,003","1,159","1,190","1,327","1,405","1,555","1,530",,-1.6,104
," Business, Financial & Other Services ",..,..,..,..,..,527,685,..,"1,200","1,149",..,"1,120","1,093","1,148","1,340","1,490","1,564","1,673","1,648","1,764","1,722",,-2.4,54
, Grand Total ,"3,827","4,252","4,389","4,171","4,304","4,609","5,106","5,319","5,833","5,172","4,947","5,181","5,345","5,587","6,339","7,000","7,248","7,942","8,217","8,802","8,739",,-0.7,69
NUTS3 Region, Border ,377,319,314,338,376,413,441,467,494,427,419,443,434,421,459,521,549,592,595,672,643,,-4.3,45
, West ,212,246,252,255,268,279,315,338,408,348,340,352,367,377,398,420,434,481,488,551,543,,-1.5,54
, Midlands ,190,186,176,183,212,243,293,292,277,233,226,241,228,242,284,317,325,368,375,394,372,,-5.7,54
, Mid-East ,375,418,447,406,451,481,529,552,594,546,515,556,607,660,747,816,813,904,956,"1,010","1,021",,1.1,84
, Dublin ,"1,460","1,633","1,775","1,685","1,575","1,733","1,989","1,986","2,247","2,160","2,025","2,015","2,077","2,176","2,605","2,860","3,029","3,301","3,380","3,522","3,470",,-1.5,72
, South-East ,528,658,545,512,544,508,618,650,551,444,452,521,543,532,601,618,631,648,740,857,882,,3,69
, South-West ,402,482,575,482,550,576,571,667,708,612,591,682,729,810,844,968,964,"1,102","1,082","1,145","1,123",,-1.9,65
, Mid-West ,283,311,305,309,327,377,350,367,554,403,379,371,359,369,401,482,504,546,600,651,685,,5.2,85
, Grand Total ,"3,827","4,252","4,389","4,171","4,304","4,609","5,106","5,319","5,833","5,172","4,947","5,181","5,345","5,587","6,339","7,000","7,248","7,942","8,217","8,802","8,739",,-0.7,69
,,,,,,,,,,,,,,,,,,,,,,,,,
,,,,,,,,,,,,,,,,,,,,,,,,,
,,,,,,,,,,,,,,,,,,,,,,,,,
,,,,,,,,,,,,,,,,,,,,,,,,,
,,,,,,,,,,,,,,,,,,,,,,,,,
,Table 7: Total Payroll Costs per Person Employed in Manufacturing and Int. Traded Services,,,,,,,,,,,,,,,,,,,,,,,,
,,2000,2001,2002,2003,2004,2005,2006,2007,2008,2009,2010,2011,2012,2013,2014,2015,2016,2017,2018,2019,2020,2021,19/20,Nov-20
,Broad Sector (NACE Rev3),€ k,€ k,€ k,€ k,€ k,€ k,€ k,€ k,€ k,€ k,€ k,€ k,€ k,€ k,€ k,€ k,€ k,€ k,€ k,€ k,€ k,€ k,%,%
Broad Sector NACE Rev3," Food, Drink & Primary Production ",26,28,31,32,32,33,35,36,..,..,..,..,..,..,..,..,40,40,41,43,43,,-0.9,14
, Traditional Manufacturing ,24,27,28,31,34,35,37,40,44,41,40,39,40,42,43,44,45,47,48,50,47,,-4.6,21
, Modern Manufacturing ,25,28,30,31,32,36,38,40,45,42,43,42,42,43,45,47,47,49,50,51,50,,-2.2,18
," Energy, Water, Waste & Construction ",54,54,53,54,56,..,..,..,..,..,..,..,..,..,..,..,56,58,56,59,54,,-8.7,0
, Information & Communication Services ,38,42,45,42,46,50,52,54,54,50,49,51,53,53,55,57,59,62,61,63,60,,-4.3,18
," Business, Financial & Other Services ",..,..,..,..,..,40,..,..,55,55,53,50,49,53,52,53,55,53,55,58,57,,-1.7,13
, Grand Total ,28,32,34,35,37,38,40,42,46,45,45,44,44,45,46,48,49,49,50,52,51,,-3.4,16
NUTS3 Region, Border ,26,24,27,28,30,30,31,33,37,36,35,35,39,36,37,39,40,39,41,44,42,,-3.9,19
, West ,22,24,25,26,31,31,33,34,38,37,34,34,36,38,40,40,41,40,41,41,41,,-1.7,20
, Midlands ,25,30,31,31,33,34,37,37,38,38,39,36,36,36,36,38,39,42,43,44,41,,-5.5,14
, Mid-East ,23,25,28,30,32,33,34,36,38,37,37,37,37,37,39,39,40,42,43,43,43,,-1.6,16
, Dublin ,32,38,41,43,44,47,51,52,58,59,56,54,53,56,58,60,61,64,64,67,64,,-5,18
, South-East ,28,36,33,34,34,35,37,38,41,37,38,40,41,40,41,41,42,41,43,47,46,,-3.7,14
, South-West ,26,31,35,37,39,39,43,43,49,46,45,47,47,48,44,48,48,48,51,52,50,,-2.4,8
, Mid-West ,25,28,29,30,32,35,35,37,46,42,42,43,41,41,43,43,44,44,44,46,46,,-0.8,8
, Grand Total ,28,32,34,35,37,38,40,42,46,45,45,44,44,45,46,48,49,49,50,52,51,,-3.4,16
,,,,,,,,,,,,,,,,,,,,,,,,,
,,,,,,,,,,,,,,,,,,,,,,,,,
,,,,,,,,,,,,,,,,,,,,,,,,,
,,,,,,,,,,,,,,,,,,,,,,,,,
,,,,,,,,,,,,,,,,,,,,,,,,,
,Table 8: Total Cost of Materials,,,,,,,,,,,,,,,,,,,,,,,,
,,2000,2001,2002,2003,2004,2005,2006,2007,2008,2009,2010,2011,2012,2013,2014,2015,2016,2017,2018,2019,2020,2021,19/20,Nov-20
,Broad Sector (NACE Rev3),€ m,€ m,€ m,€ m,€ m,€ m,€ m,€ m,€ m,€ m,€ m,€ m,€ m,€ m,€ m,€ m,€ m,€ m,€ m,€ m,€ m,€ m,%,%
Broad Sector NACE Rev3," Food, Drink & Primary Production ","6,654","6,728","6,603","6,236","6,472","6,616","6,691","7,303","7,294","6,047","6,646","7,708","7,851","8,675","9,209",..,..,..,..,..,..,,1.8,47
, Traditional Manufacturing ,"2,784","2,847","2,719","2,743","2,935","2,969","3,314","3,437","3,274","2,179","1,908","2,393","2,329","2,602","3,065","3,425","3,381","3,829","3,880","4,127","4,064",,-1.5,70
, Modern Manufacturing ,609,609,555,516,510,565,598,624,635,522,496,592,709,772,769,968,"1,128","1,236","1,243","1,127","1,290",,14.5,118
," Energy, Water, Waste & Construction ",919,966,..,871,"1,055","1,195",..,..,..,..,..,..,..,..,..,..,..,..,..,..,..,,11,128
, Information & Communication Services ,214,214,165,184,214,220,223,276,251,197,238,274,280,299,346,437,457,530,518,604,473,,-21.7,73
," Business, Financial & Other Services ",572,557,..,482,437,429,..,..,..,..,..,..,..,..,..,764,886,942,966,"1,108","1,109",,0.1,218
, Grand Total ,"11,751","11,920","11,553","11,033","11,623","11,994","12,730","13,715","13,923","10,691","10,655","12,293","12,525","13,921","14,992","15,843","16,260","18,723","18,991","20,086","20,481",,2,67
NUTS3 Region, Border ,"1,170","1,230","1,375","1,433","1,437","1,500","1,608","1,773","1,763","1,329",..,..,..,..,"2,176","2,230","2,288","2,769","2,703","2,812","2,880",,2.4,55
, West ,625,745,764,752,714,726,662,676,749,634,624,732,797,808,867,905,872,973,980,"1,124","1,178",,4.8,61
, Midlands ,551,537,522,584,719,781,877,776,772,655,..,..,..,..,"1,045","1,047","1,065","1,151","1,054","1,095","1,100",,0.4,36
, Mid-East ,"1,648","1,594","1,513","1,297","1,420","1,602","1,855","1,752","2,131","1,784","1,680","1,986","2,179","2,245","2,385","2,625","2,658","2,898","3,049","3,056","3,105",,1.6,56
, Dublin ,"3,090","2,906","2,811","2,799","2,854","2,966","3,099","3,313","3,269","2,307","1,835","1,944","1,831","2,190","2,332","2,808","3,225","3,617","3,795","4,314","4,383",,1.6,125
, South-East ,"2,442","2,534","2,338","2,145","2,383","2,354","2,516","2,538","2,349","1,803","1,993","2,290","2,319","2,577","2,687","2,704","2,702","3,097","3,153","3,299","3,319",,0.6,45
, South-West ,"1,484","1,627","1,620","1,336","1,426","1,370","1,357","1,995","1,802","1,375","1,607","1,887","1,926","2,293","2,509","2,441","2,325","2,849","2,806","2,939","3,070",,4.5,63
, Mid-West ,740,747,611,687,670,694,756,892,"1,088",804,756,782,816,866,992,"1,082","1,125","1,366","1,451","1,448","1,446",,-0.1,85
, Grand Total ,"11,751","11,920","11,553","11,033","11,623","11,994","12,730","13,715","13,923","10,691","10,655","12,293","12,525","13,921","14,992","15,843","16,260","18,723","18,991","20,086","20,481",,2,67
,,,,,,,,,,,,,,,,,,,,,,,,,
,,,,,,,,,,,,,,,,,,,,,,,,,
,,,,,,,,,,,,,,,,,,,,,,,,,
,,,,,,,,,,,,,,,,,,,,,,,,,
,,,,,,,,,,,,,,,,,,,,,,,,,
,Table 9: Total Cost of Materials Sourced in Ireland,,,,,,,,,,,,,,,,,,,,,,,,
,,2000,2001,2002,2003,2004,2005,2006,2007,2008,2009,2010,2011,2012,2013,2014,2015,2016,2017,2018,2019,2020,2021,19/20,Nov-20
,Broad Sector (NACE Rev3),€ m,€ m,€ m,€ m,€ m,€ m,€ m,€ m,€ m,€ m,€ m,€ m,€ m,€ m,€ m,€ m,€ m,€ m,€ m,€ m,€ m,€ m,%,%
Broad Sector NACE Rev3," Food, Drink & Primary Production ","5,488","5,896","5,598","5,233","5,422","5,597","5,632","6,073",..,..,"5,432",..,..,..,..,..,..,..,..,..,..,,2.8,44
, Traditional Manufacturing ,"1,398","1,611","1,574","1,626","1,645","1,527","1,588","1,651","1,566","1,055",817,"1,011",969,"1,166","1,419","1,572","1,442","1,614","1,655","1,784","1,766",,-1,75
, Modern Manufacturing ,196,210,207,193,165,164,183,176,163,131,117,160,177,174,201,232,240,274,264,277,347,,25.4,116
," Energy, Water, Waste & Construction ",..,..,..,..,..,..,..,..,..,..,..,..,..,..,..,..,..,..,..,..,..,,9,113
, Information & Communication Services ,126,126,74,110,113,110,119,158,144,111,144,147,138,140,149,170,157,156,146,169,153,,-9.7,3
," Business, Financial & Other Services ",..,..,..,..,..,..,..,..,278,191,..,164,241,258,266,312,347,364,381,432,414,,-4.3,153
, Grand Total ,"8,382","9,085","8,689","8,256","8,521","8,662","9,004","9,633","9,733","7,532","7,430","8,314","8,349","9,304","9,852","10,041","9,971","11,770","11,980","12,508","12,872",,2.9,55
NUTS3 Region, Border ,759,893,"1,077","1,081","1,028",957,995,"1,037","1,067",810,922,"1,123","1,123","1,144","1,266","1,252","1,246","1,502","1,446","1,475","1,601",,8.5,43
, West ,468,555,580,563,519,509,433,413,478,424,397,440,478,485,523,532,499,541,560,623,683,,9.7,55
, Midlands ,387,453,402,419,532,570,609,498,489,449,457,566,567,646,676,669,671,747,662,722,704,,-2.5,24
, Mid-East ,"1,274","1,226","1,105",940,"1,001","1,172","1,243","1,254","1,655","1,414","1,346","1,563","1,692","1,720","1,808","1,925","1,888","2,067","2,161","2,248","2,226",,-1,42
, Dublin ,"1,783","1,967","1,988","2,059","2,115","2,129","2,138","2,275","2,082","1,423",966,876,752,992,"1,088","1,217","1,348","1,521","1,575","1,718","1,752",,2,100
, South-East ,"2,182","2,268","2,047","1,885","2,072","2,104","2,210","2,192","1,996","1,575","1,751","1,999","1,959","2,167","2,175","2,141","2,121","2,560","2,695","2,829","2,843",,0.5,42
, South-West ,"1,048","1,190","1,088",843,863,868,981,"1,435","1,282",950,"1,130","1,307","1,313","1,646","1,768","1,734","1,602","2,067","2,043","2,132","2,260",,6,73
, Mid-West ,481,532,401,467,392,353,395,529,684,486,461,440,465,504,547,571,595,765,839,761,801,,5.3,82
, Grand Total ,"8,382","9,085","8,689","8,256","8,521","8,662","9,004","9,633","9,733","7,532","7,430","8,314","8,349","9,304","9,852","10,041","9,971","11,770","11,980","12,508","12,872",,2.9,55
,,,,,,,,,,,,,,,,,,,,,,,,,
,,,,,,,,,,,,,,,,,,,,,,,,,
,,,,,,,,,,,,,,,,,,,,,,,,,
,,,,,,,,,,,,,,,,,,,,,,,,,
,,,,,,,,,,,,,,,,,,,,,,,,,
,Table 10: Irish-Sourced Materials as a Percentage of Total Materials,,,,,,,,,,,,,,,,,,,,,,,,
,,2000,2001,2002,2003,2004,2005,2006,2007,2008,2009,2010,2011,2012,2013,2014,2015,2016,2017,2018,2019,2020,2021,19/20,Nov-20
,Broad Sector (NACE Rev3),%,%,%,%,%,%,%,%,%,%,%,%,%,%,%,%,%,%,%,%,%,%,%,%
Broad Sector NACE Rev3," Food, Drink & Primary Production ",82,88,85,84,84,85,84,..,..,82,82,..,..,..,..,..,..,..,..,..,..,,1,-2
, Traditional Manufacturing ,50,57,58,59,56,51,48,48,48,48,43,42,42,45,46,46,43,42,43,43,43,,0.5,3
, Modern Manufacturing ,32,34,37,37,32,29,31,28,26,25,24,27,25,23,26,24,21,22,21,25,27,,9.5,-1
," Energy, Water, Waste & Construction ",..,..,..,..,..,..,..,..,..,..,..,..,..,..,..,..,..,..,..,..,..,,-1.8,-7
, Information & Communication Services ,59,59,45,60,53,50,53,57,57,56,60,54,49,47,43,39,34,29,28,28,32,,15.3,-40
," Business, Financial & Other Services ",..,..,..,..,..,..,..,..,..,..,..,..,..,..,..,41,39,39,39,39,37,,-4.5,-20
, Grand Total ,71,76,75,75,73,72,71,70,70,70,70,68,67,67,66,63,61,63,63,62,63,,0.9,-7
NUTS3 Region, Border ,65,73,78,75,72,64,62,58,61,..,..,..,..,..,58,56,54,54,53,52,56,,5.9,-8
, West ,75,75,76,75,73,70,65,61,64,67,64,60,60,60,60,59,57,56,57,55,58,,4.6,-4
, Midlands ,70,84,77,72,74,73,69,64,63,..,..,..,..,..,65,64,63,65,63,66,64,,-2.9,-9
, Mid-East ,77,77,73,72,70,73,67,72,78,79,80,79,78,77,76,73,71,71,71,74,72,,-2.5,-9
, Dublin ,58,68,71,74,74,72,69,69,64,62,53,45,41,45,47,43,42,42,41,40,40,,0.4,-11
, South-East ,89,89,88,88,87,89,88,86,85,87,88,87,84,84,81,79,78,83,85,86,86,,-0.1,-2
, South-West ,71,73,67,63,60,63,72,72,71,69,70,69,68,72,70,71,69,73,73,73,74,,1.5,6
, Mid-West ,65,71,66,68,59,51,52,59,63,61,61,56,57,58,55,53,53,56,58,53,55,,5.5,-1
, Grand Total ,71,76,75,75,73,72,71,70,70,70,70,68,67,67,66,63,61,63,63,62,63,,0.9,-7
,,,,,,,,,,,,,,,,,,,,,,,,,
,,,,,,,,,,,,,,,,,,,,,,,,,
,,,,,,,,,,,,,,,,,,,,,,,,,
,,,,,,,,,,,,,,,,,,,,,,,,,
,,,,,,,,,,,,,,,,,,,,,,,,,
,Table 11: Total Cost of Services (including Royalties),,,,,,,,,,,,,,,,,,,,,,,,
,,2000,2001,2002,2003,2004,2005,2006,2007,2008,2009,2010,2011,2012,2013,2014,2015,2016,2017,2018,2019,2020,2021,19/20,Nov-20
,Broad Sector (NACE Rev3),€ m,€ m,€ m,€ m,€ m,€ m,€ m,€ m,€ m,€ m,€ m,€ m,€ m,€ m,€ m,€ m,€ m,€ m,€ m,€ m,€ m,€ m,%,%
Broad Sector NACE Rev3," Food, Drink & Primary Production ","1,136","1,212","1,215","1,243","1,248","1,313","1,377","1,468","1,350","1,116","1,125","1,206","1,169","1,253","1,295",..,..,..,..,..,"1,675",,1.6,39
, Traditional Manufacturing ,"1,001","1,050",883,794,826,845,888,983,883,694,692,769,772,788,897,986,"1,021","1,093","1,096","1,098","1,061",,-3.3,38
, Modern Manufacturing ,178,211,221,192,188,195,211,208,194,178,200,202,221,211,230,241,278,304,300,294,329,,12,63
," Energy, Water, Waste & Construction ",..,..,..,..,..,..,..,..,..,..,..,..,..,"1,148",..,..,..,..,..,..,"3,109",,7.2,186
, Information & Communication Services ,337,331,273,239,260,296,310,360,388,358,403,451,505,530,609,688,698,788,830,851,813,,-4.5,80
," Business, Financial & Other Services ",..,..,..,..,..,..,..,..,..,..,..,..,..,"1,328",..,"1,830","2,023","2,114","2,129","3,006","2,682",,-10.8,173
, Grand Total ,"3,769","3,963","3,821","3,665","3,940","4,319","5,066","5,395","5,725","4,838","4,512","4,698","5,032","5,258","5,881","6,865","7,402","8,129","8,842","9,798","9,670",,-1.3,106
NUTS3 Region, Border ,175,225,207,203,190,203,259,220,286,267,204,246,281,320,331,348,361,382,376,373,381,,-2.7,17
, West ,228,220,201,219,261,284,343,356,345,301,..,..,..,..,314,377,398,449,..,..,605,,2.2,55
, Midlands ,338,361,338,311,339,369,396,429,460,413,383,446,518,524,603,655,638,685,695,717,733,,-0.4,151
, Mid-East ,"1,525","1,597","1,695","1,514","1,542","1,747","2,336","2,315","2,573","2,231","2,130","2,052","2,225","2,294","2,655","3,240","3,731","4,166","4,432","5,443","5,204",,2.3,64
, Dublin ,515,545,385,369,402,415,447,629,490,387,398,461,396,408,466,474,482,504,..,..,646,,-4.4,154
, South-East ,504,535,509,520,612,680,626,743,727,566,523,568,640,739,804,"1,018","1,017","1,137","1,179","1,198","1,288",,2.1,40
, South-West ,237,256,217,237,248,282,304,355,430,328,299,298,298,303,294,291,305,321,368,365,363,,7.5,127
, Mid-West ,"3,769","3,963","3,821","3,665","3,940","4,319","5,066","5,395","5,725","4,838","4,512","4,698","5,032","5,258","5,881","6,865","7,402","8,129","8,842","9,798","9,670",,-0.5,22
, Grand Total ,"3,769","3,963","3,821","3,665","3,940","4,319","5,066","5,395","5,725","4,838","4,512","4,698","5,032","5,258","5,881","6,865","7,402","8,129","8,842","9,798","9,670",,-1.3,106
,,,,,,,,,,,,,,,,,,,,,,,,,
,,,,,,,,,,,,,,,,,,,,,,,,,
,,,,,,,,,,,,,,,,,,,,,,,,,
,,,,,,,,,,,,,,,,,,,,,,,,,
,,,,,,,,,,,,,,,,,,,,,,,,,
,Table 12: Total Cost of Services Sourced in Ireland (figures prior to 2014 are estimated),,,,,,,,,,,,,,,,,,,,,,,,
,,2000,2001,2002,2003,2004,2005,2006,2007,2008,2009,2010,2011,2012,2013,2014,2015,2016,2017,2018,2019,2020,2021,19/20,Nov-20
,Broad Sector (NACE Rev3),€ m,€ m,€ m,€ m,€ m,€ m,€ m,€ m,€ m,€ m,€ m,€ m,€ m,€ m,€ m,€ m,€ m,€ m,€ m,€ m,€ m,€ m,%,%
Broad Sector NACE Rev3," Food, Drink & Primary Production ","1,036","1,125","1,128","1,133","1,123","1,165","1,148","1,190",..,..,957,..,..,..,..,..,..,..,..,..,..,,2.3,35
, Traditional Manufacturing ,825,868,733,700,726,729,756,804,714,567,588,639,632,649,747,811,839,910,887,900,862,,-4.3,35
, Modern Manufacturing ,136,161,165,142,155,157,165,171,159,145,161,151,160,155,164,169,186,205,213,211,232,,10.2,54
," Energy, Water, Waste & Construction ",..,..,..,..,..,..,..,..,..,..,..,..,..,..,..,..,..,..,..,..,..,,7.8,151
, Information & Communication Services ,267,272,221,185,205,221,236,273,286,260,288,323,343,350,402,451,421,490,551,571,519,,-9.1,60
," Business, Financial & Other Services ",..,..,..,..,..,..,..,..,583,460,..,505,614,643,720,807,868,886,899,"1,052","1,022",,-2.8,103
, Grand Total ,"3,341","3,507","3,428","3,306","3,569","3,841","4,193","4,406","4,682","3,872","3,452","3,419","3,508","3,676","4,096","4,659","4,912","5,299","5,828","5,881","5,952",,1.2,74
NUTS3 Region, Border ,209,198,237,257,303,292,302,295,350,285,290,317,322,312,335,378,379,391,390,375,373,,-0.5,18
, West ,137,179,160,159,166,175,217,189,239,237,171,194,225,259,261,277,291,309,304,305,311,,2,60
, Midlands ,213,209,191,200,237,255,308,323,314,269,205,207,195,210,247,287,314,351,415,467,484,,3.4,134
, Mid-East ,308,329,312,286,311,337,349,369,411,373,350,401,447,458,525,576,516,585,590,599,605,,0.9,51
, Dublin ,"1,299","1,384","1,494","1,367","1,385","1,540","1,845","1,814","1,992","1,632","1,427","1,248","1,257","1,280","1,445","1,710","1,982","2,077","2,264","2,376","2,403",,1.1,93
, South-East ,490,506,357,343,373,383,412,558,430,338,349,399,336,340,396,402,399,430,672,545,550,,0.8,38
, South-West ,464,463,478,485,574,609,514,591,598,477,431,462,517,602,660,796,791,904,896,924,940,,1.8,104
, Mid-West ,221,239,199,210,220,251,247,268,347,260,229,191,208,215,229,232,240,252,298,288,287,,-0.4,50
, Grand Total ,"3,341","3,507","3,428","3,306","3,569","3,841","4,193","4,406","4,682","3,872","3,452","3,419","3,508","3,676","4,096","4,659","4,912","5,299","5,828","5,881","5,952",,1.2,74
,,,,,,,,,,,,,,,,,,,,,,,,,
,,,,,,,,,,,,,,,,,,,,,,,,,
,,,,,,,,,,,,,,,,,,,,,,,,,
,,,,,,,,,,,,,,,,,,,,,,,,,
,,,,,,,,,,,,,,,,,,,,,,,,,
,Table 13: Irish-Sourced Services as a Percentage of Total Services,,,,,,,,,,,,,,,,,,,,,,,,
,,2000,2001,2002,2003,2004,2005,2006,2007,2008,2009,2010,2011,2012,2013,2014,2015,2016,2017,2018,2019,2020,2021,19/20,Nov-20
,Broad Sector (NACE Rev3),%,%,%,%,%,%,%,%,%,%,%,%,%,%,%,%,%,%,%,%,%,%,%,%
Broad Sector NACE Rev3," Food, Drink & Primary Production ",91,93,93,91,90,89,83,81,83,85,85,..,..,..,..,..,..,..,..,..,..,,0.7,-3
, Traditional Manufacturing ,82,83,83,88,88,86,85,82,81,82,85,83,82,82,83,82,82,83,81,82,81,,-1,-2
, Modern Manufacturing ,76,76,75,74,83,81,78,82,82,82,80,75,72,73,71,70,67,67,71,72,71,,-1.6,-6
," Energy, Water, Waste & Construction ",..,..,..,..,..,..,..,..,..,..,..,..,..,..,..,..,..,..,..,..,..,,0.6,-12
, Information & Communication Services ,79,82,81,77,79,75,76,76,74,73,71,72,68,66,66,66,60,62,66,67,64,,-4.8,-11
," Business, Financial & Other Services ",..,..,..,..,..,..,..,..,..,..,..,..,..,48,..,44,43,42,42,35,38,,8.9,-26
, Grand Total ,89,88,90,90,91,89,83,82,82,80,77,73,70,70,70,68,66,65,66,60,62,,2.6,-15
NUTS3 Region, Border ,85,88,89,88,87,86,85,85,84,83,..,..,..,..,81,82,81,81,80,81,83,,2.3,1
, West ,78,80,77,79,88,86,84,86,84,89,84,79,80,81,79,80,81,81,81,82,82,,-0.2,3
, Midlands ,93,95,95,91,91,90,90,91,91,89,..,..,..,..,79,76,79,78,..,..,80,,3.8,-7
, Mid-East ,91,91,92,92,92,91,88,86,89,90,92,90,86,87,87,88,81,85,85,84,83,,-1.3,-8
, Dublin ,85,87,88,90,90,88,79,78,77,73,67,61,57,56,54,53,53,50,51,44,46,,5.8,-24
, South-East ,95,93,93,93,93,92,92,89,88,87,88,87,85,84,85,85,83,85,..,..,85,,-1.4,-2
, South-West ,92,86,94,93,94,90,82,80,82,84,82,81,81,81,82,78,78,80,76,77,73,,-5.3,-10
, Mid-West ,93,93,92,89,89,89,81,75,81,79,77,64,70,71,78,80,79,79,81,79,79,,0.1,23
, Grand Total ,89,88,90,90,91,89,83,82,82,80,77,73,70,70,70,68,66,65,66,60,62,,2.6,-15
,,,,,,,,,,,,,,,,,,,,,,,,,
,,,,,,,,,,,,,,,,,,,,,,,,,
,,,,,,,,,,,,,,,,,,,,,,,,,
,Table 14: Total Value Added (Sales-(Total Materials Cost + Total Services Cost)),,,,,,,,,,,,,,,,,,,,,,,,
,,2000,2001,2002,2003,2004,2005,2006,2007,2008,2009,2010,2011,2012,2013,2014,2015,2016,2017,2018,2019,2020,2021,19/20,Nov-20
,Broad Sector (NACE Rev3),€ m,€ m,€ m,€ m,€ m,€ m,€ m,€ m,€ m,€ m,€ m,€ m,€ m,€ m,€ m,€ m,€ m,€ m,€ m,€ m,€ m,€ m,%,%
Broad Sector NACE Rev3," Food, Drink & Primary Production ","1,437","1,735","2,044","1,644","1,586","1,690","1,743","2,330","2,094","2,012","1,898","1,980","2,050","2,477","2,757",..,..,"2,910","2,951",..,..,,-2.7,66
, Traditional Manufacturing ,"2,129","2,094","2,286","2,208","2,350","2,535","2,917","3,041","2,737","1,822","1,715","1,757","1,727","1,849","2,196","2,554","2,512","2,874","3,047","3,503","3,520",,0.5,100
, Modern Manufacturing ,403,440,400,416,394,416,464,453,451,417,445,469,630,610,665,810,846,878,878,879,"1,047",,19.2,123
," Energy, Water, Waste & Construction ",..,..,..,..,..,..,"1,584",..,..,..,..,..,..,..,..,..,..,"1,903","2,378",..,..,,6,139
, Information & Communication Services ,673,947,680,630,695,801,854,976,"1,007","1,021","1,085","1,171","1,272","1,421","1,641","1,867","1,952","2,099","2,278","2,585","2,543",,-1.6,117
," Business, Financial & Other Services ",..,..,..,..,..,..,"2,519",..,..,..,..,..,..,..,..,"3,399","3,672","3,667","3,729","3,594","3,548",,-1.3,29
, Grand Total ,"6,443","7,095","7,707","7,461","8,086","8,996","10,082","11,083","11,333","9,694","9,052","9,299","9,035","9,875","11,417","12,707","13,400","14,330","15,261","16,562","16,727",,1,80
NUTS3 Region, Border ,847,906,888,957,"1,036","1,347","1,472","1,777","1,684","1,626","1,426","1,258",664,759,848,944,964,915,984,"1,170","1,218",,4.1,-3
, West ,384,484,443,360,351,391,437,560,693,577,528,561,669,660,757,806,875,883,961,"1,138","1,249",,9.8,123
, Midlands ,311,321,290,317,268,369,439,509,463,365,345,379,386,435,521,556,608,681,..,..,752,,-9.8,99
, Mid-East ,571,564,757,648,723,695,803,908,958,872,836,855,917,"1,106","1,271","1,471","1,375","1,475","1,474","1,493","1,599",,7.1,87
, Dublin ,"2,466","2,995","3,193","3,278","3,554","4,020","4,564","4,462","4,632","3,777","3,519","3,566","3,566","3,803","4,576","5,314","5,799","6,065","6,921","6,909","6,869",,-0.6,93
, South-East ,520,561,633,564,661,545,728,788,854,659,705,789,888,866,994,"1,048","1,093","1,277",..,..,"1,527",,1.7,93
, South-West ,706,692,928,816,887,915,881,"1,217","1,047",938,921,"1,192","1,190","1,353","1,440","1,441","1,506","1,721","1,788","1,999","1,848",,-7.6,55
, Mid-West ,639,572,575,520,605,714,759,861,"1,003",881,771,699,755,892,"1,011","1,127","1,180","1,313","1,456","1,519","1,666",,9.7,138
, Grand Total ,"6,443","7,095","7,707","7,461","8,086","8,996","10,082","11,083","11,333","9,694","9,052","9,299","9,035","9,875","11,417","12,707","13,400","14,330","15,261","16,562","16,727",,1,80
,,,,,,,,,,,,,,,,,,,,,,,,,
,,,,,,,,,,,,,,,,,,,,,,,,,
,,,,,,,,,,,,,,,,,,,,,,,,,
,,,,,,,,,,,,,,,,,,,,,,,,,
,,,,,,,,,,,,,,,,,,,,,,,,,
,Table 15: Total Value Added per person employed in Manufacturing and Int. Traded Services,,,,,,,,,,,,,,,,,,,,,,,,
,,2000,2001,2002,2003,2004,2005,2006,2007,2008,2009,2010,2011,2012,2013,2014,2015,2016,2017,2018,2019,2020,2021,19/20,Nov-20
,Broad Sector (NACE Rev3),€ k,€ k,€ k,€ k,€ k,€ k,€ k,€ k,€ k,€ k,€ k,€ k,€ k,€ k,€ k,€ k,€ k,€ k,€ k,€ k,€ k,€ k,%,%
Broad Sector NACE Rev3," Food, Drink & Primary Production ",35,42,52,46,45,46,50,65,64,..,..,..,..,..,..,..,..,72,70,..,..,,-3.9,28
, Traditional Manufacturing ,38,40,46,49,55,60,63,71,74,59,59,58,58,59,62,67,67,71,74,82,82,,0.4,43
, Modern Manufacturing ,37,43,40,45,45,47,51,49,58,56,61,59,67,67,72,82,81,80,80,76,85,,11.8,44
," Energy, Water, Waste & Construction ",..,..,..,..,..,..,..,..,..,..,..,..,..,..,..,..,..,124,151,..,..,,-9.3,28
, Information & Communication Services ,54,70,59,61,70,78,78,89,89,82,83,80,81,87,89,92,97,98,99,104,100,,-4.3,25
," Business, Financial & Other Services ",..,..,..,..,..,..,..,..,..,..,..,..,..,..,..,120,129,116,125,117,117,,-0.6,-5
, Grand Total ,46,53,59,63,69,74,80,87,90,85,81,79,75,79,83,86,90,89,94,99,97,,-1.8,23
NUTS3 Region, Border ,59,68,75,80,84,99,104,125,127,137,121,101,59,65,68,71,70,60,68,77,80,,4.6,-20
, West ,41,48,44,37,40,44,45,56,65,61,53,54,65,66,75,76,82,73,80,85,94,,9.6,74
, Midlands ,40,51,51,53,41,52,55,65,63,59,60,57,60,65,67,67,74,77,..,..,84,,-9.6,47
, Mid-East ,35,34,47,47,52,48,52,59,61,60,60,57,56,62,66,71,68,68,66,64,67,,4.3,18
, Dublin ,54,69,74,83,99,109,117,117,119,102,98,95,90,97,103,111,117,117,130,131,126,,-4.1,32
, South-East ,28,30,38,37,42,38,44,46,64,55,60,60,67,65,68,69,72,82,..,..,79,,-4.9,30
, South-West ,45,44,56,63,62,62,66,79,73,71,71,82,77,80,75,71,75,75,85,90,83,,-8,2
, Mid-West ,56,51,54,50,59,66,76,87,83,92,85,80,85,99,107,101,104,106,107,108,111,,3.5,39
, Grand Total ,46,53,59,63,69,74,80,87,90,85,81,79,75,79,83,86,90,89,94,99,97,,-1.8,23
,,,,,,,,,,,,,,,,,,,,,,,,,
,,,,,,,,,,,,,,,,,,,,,,,,,
,,,,,,,,,,,,,,,,,,,,,,,,,
,,,,,,,,,,,,,,,,,,,,,,,,,
,,,,,,,,,,,,,,,,,,,,,,,,,
,Table 16: Total Payroll Bill as a percentage of Value Added,,,,,,,,,,,,,,,,,,,,,,,,
,,2000,2001,2002,2003,2004,2005,2006,2007,2008,2009,2010,2011,2012,2013,2014,2015,2016,2017,2018,2019,2020,2021,19/20,Nov-20
,Broad Sector (NACE Rev3),%,%,%,%,%,%,%,%,%,%,%,%,%,%,%,%,%,%,%,%,%,%,%,%
Broad Sector NACE Rev3," Food, Drink & Primary Production ",75,65,60,70,72,72,70,56,..,..,..,..,..,..,..,..,..,56,59,..,..,,3.2,-11
, Traditional Manufacturing ,64,67,62,63,62,59,58,56,59,69,67,68,69,71,68,65,66,66,65,60,57,,-5,-16
, Modern Manufacturing ,66,66,74,70,72,77,73,82,77,75,70,72,64,64,62,56,58,61,63,67,59,,-12.5,-18
," Energy, Water, Waste & Construction ",46,48,47,44,45,42,38,..,..,..,..,..,..,..,..,..,..,47,37,..,..,,0.7,-22
, Information & Communication Services ,71,60,76,68,66,64,66,61,61,61,59,64,65,61,61,62,61,63,62,60,60,,0,-6
," Business, Financial & Other Services ",..,..,..,..,..,..,27,..,..,..,..,..,..,..,..,44,43,46,44,49,49,,-1.1,19
, Grand Total ,59,60,57,56,53,51,51,48,51,53,55,56,59,57,56,55,54,55,54,53,52,,-1.7,-6
NUTS3 Region, Border ,45,35,35,35,36,31,30,26,29,26,29,35,65,55,54,55,57,65,61,57,53,,-8.1,50
, West ,55,51,57,71,76,71,72,60,59,60,64,63,55,57,53,52,50,54,51,48,43,,-10.3,-31
, Midlands ,61,58,61,58,79,66,67,57,60,64,66,64,59,56,55,57,53,54,..,..,49,,4.5,-22
, Mid-East ,66,74,59,63,62,69,66,61,62,63,62,65,66,60,59,55,59,61,65,68,64,,-5.6,-2
, Dublin ,59,55,56,51,44,43,44,45,49,57,58,57,58,57,57,54,52,54,49,51,51,,-0.9,-11
, South-East ,102,117,86,91,82,93,85,82,65,67,64,66,61,61,60,59,58,51,..,..,58,,1.2,-12
, South-West ,57,70,62,59,62,63,65,55,68,65,64,57,61,60,59,67,64,64,61,57,61,,6.1,6
, Mid-West ,44,54,53,59,54,53,46,43,55,46,49,53,48,41,40,43,43,42,41,43,41,,-4.1,-22
, Grand Total ,59,60,57,56,53,51,51,48,51,53,55,56,59,57,56,55,54,55,54,53,52,,-1.7,-6
,,,,,,,,,,,,,,,,,,,,,,,,,
,,,,,,,,,,,,,,,,,,,,,,,,,
,,,,,,,,,,,,,,,,,,,,,,,,,
,"Table 17: Total Cost of all formal, structured training",,,,,,,,,,,,,,,,,,,,,,,,
,,2000,2001,2002,2003,2004,2005,2006,2007,2008,2009,2010,2011,2012,2013,2014,2015,2016,2017,2018,2019,2020,2021,19/20,Nov-20
,Broad Sector (NACE Rev3),€ m,€ m,€ m,€ m,€ m,€ m,€ m,€ m,€ m,€ m,€ m,€ m,€ m,€ m,€ m,€ m,€ m,€ m,€ m,€ m,€ m,€ m,%,%
Broad Sector NACE Rev3," Food, Drink & Primary Production ",13,17,16,15,12,13,13,16,..,..,..,..,..,..,..,..,..,16,19,..,..,,-7.4,26
, Traditional Manufacturing ,19,18,17,16,16,18,19,22,22,16,14,14,14,14,16,18,17,18,18,19,18,,-8,23
, Modern Manufacturing ,5,5,4,4,3,6,5,6,5,4,4,4,5,5,5,5,6,6,6,6,6,,-15.2,25
," Energy, Water, Waste & Construction ",..,..,..,..,6,6,3,..,..,..,..,..,..,..,..,..,..,8,8,..,..,,-0.9,126
, Information & Communication Services ,13,10,7,6,6,7,9,9,8,8,8,9,10,10,12,13,12,14,15,15,16,,2.2,76
," Business, Financial & Other Services ",..,..,..,..,5,5,7,..,11,10,11,12,11,12,14,16,16,17,16,17,14,,-15.1,21
, Grand Total ,60,60,54,52,49,56,57,66,69,56,54,58,60,61,69,75,73,79,83,87,81,,-7.3,38
NUTS3 Region, Border ,5,5,6,7,5,6,6,7,7,5,6,6,6,6,7,6,6,7,6,6,5,,-20.5,-16
, West ,4,5,4,4,4,4,5,6,6,5,6,5,5,5,5,5,5,6,7,7,6,,-12.8,26
, Midlands ,2,7,3,3,2,3,3,3,3,3,3,3,..,..,..,4,4,4,4,5,4,,-15.8,54
, Mid-East ,10,8,6,5,5,6,6,7,8,6,6,8,9,8,9,9,9,9,14,15,14,,-8,73
, Dublin ,23,21,19,18,17,18,20,21,23,19,19,20,18,20,23,28,28,30,30,30,29,,-2,48
, South-East ,4,5,6,5,5,6,6,7,7,6,5,6,..,..,..,6,5,5,5,6,6,,-2,-5
, South-West ,8,5,5,6,6,8,7,10,9,7,7,7,8,9,11,11,10,12,10,11,11,,-6.5,42
, Mid-West ,4,3,4,4,5,5,5,6,6,4,4,3,4,4,5,5,5,6,6,6,6,,-10.8,66
, Grand Total ,60,60,54,52,49,56,57,66,69,56,54,58,60,61,69,75,73,79,83,87,81,,-7.3,38
,,,,,,,,,,,,,,,,,,,,,,,,,
,,,,,,,,,,,,,,,,,,,,,,,,,
,,,,,,,,,,,,,,,,,,,,,,,,,
,,,,,,,,,,,,,,,,,,,,,,,,,
,,,,,,,,,,,,,,,,,,,,,,,,,
,"Table 18: Cost of all Structured, Formal Training as a percentage of payroll",,,,,,,,,,,,,,,,,,,,,,,,
,,2000,2001,2002,2003,2004,2005,2006,2007,2008,2009,2010,2011,2012,2013,2014,2015,2016,2017,2018,2019,2020,2021,19/20,Nov-20
,Broad Sector (NACE Rev3),%,%,%,%,%,%,%,%,%,%,%,%,%,%,%,%,%,%,%,%,%,%,%,%
Broad Sector NACE Rev3," Food, Drink & Primary Production ",1.2,1.5,1.3,1.3,1.1,1.1,1.1,1.3,..,..,..,..,..,..,..,..,..,1,1.1,..,..,,-7.8,-15
, Traditional Manufacturing ,1.4,1.3,1.2,1.2,1.1,1.2,1.1,1.3,1.3,1.3,1.2,1.2,1.2,1,1.1,1.1,1,0.9,0.9,0.9,0.9,,-3.6,-27
, Modern Manufacturing ,1.9,1.8,1.2,1.3,1.2,1.8,1.5,1.6,1.3,1.4,1.4,1.3,1.3,1.2,1.2,1.2,1.1,1.2,1.1,1.1,0.9,,-18.7,-31
," Energy, Water, Waste & Construction ",..,..,..,..,1.1,1.1,0.5,..,..,..,..,..,..,..,..,..,..,0.9,0.9,..,..,,-7.1,21
, Information & Communication Services ,2.6,1.7,1.4,1.3,1.3,1.4,1.6,1.5,1.4,1.2,1.2,1.2,1.2,1.2,1.2,1.1,1,1.1,1.1,1,1,,3.9,-14
," Business, Financial & Other Services ",..,..,..,..,1.1,1,1.1,..,1,0.8,1,1.1,1,1,1.1,1.1,1,1,1,1,0.8,,-13.1,-22
, Grand Total ,1.6,1.4,1.2,1.3,1.1,1.2,1.1,1.3,1.2,1.1,1.1,1.1,1.1,1.1,1.1,1.1,1,1,1,1,0.9,,-6.6,-18
NUTS3 Region, Border ,1.4,1.7,2,2.1,1.3,1.4,1.4,1.4,1.3,1.2,1.3,1.3,1.4,1.5,1.4,1.1,1.1,1.1,1,0.9,0.8,,-16.9,-42
, West ,2,2,1.8,1.7,1.3,1.5,1.6,1.6,1.4,1.4,1.6,1.4,1.3,1.2,1.3,1.2,1.2,1.3,1.4,1.3,1.1,,-11.5,-18
, Midlands ,0.8,3.7,1.6,1.7,1.1,1.2,0.9,1.1,1.3,1.4,1.1,1.1,..,..,..,1.2,1.2,1.1,1.1,1.3,1.1,,-10.7,0
, Mid-East ,2.6,1.9,1.3,1.2,1.2,1.2,1.1,1.3,1.4,1.2,1.2,1.5,1.5,1.3,1.2,1.1,1.1,1,1.5,1.5,1.4,,-9,-6
, Dublin ,1.6,1.3,1.1,1.1,1.1,1,1,1.1,1,0.9,0.9,1,0.9,0.9,0.9,1,0.9,0.9,0.9,0.8,0.8,,-0.5,-14
, South-East ,0.7,0.8,1.2,1,1,1.1,1,1,1.3,1.3,1,1.2,..,..,..,1,0.9,0.8,0.7,0.7,0.7,,-4.8,-44
, South-West ,1.9,1.1,0.9,1.3,1,1.4,1.3,1.5,1.3,1.2,1.2,1.1,1.2,1.1,1.3,1.2,1.1,1.1,1,1,0.9,,-4.7,-14
, Mid-West ,1.5,1.1,1.2,1.2,1.5,1.4,1.3,1.7,1.1,1.1,1,0.9,1.1,1.2,1.2,1.1,1.1,1.1,1.1,1,0.8,,-15.2,-10
, Grand Total ,1.6,1.4,1.2,1.3,1.1,1.2,1.1,1.3,1.2,1.1,1.1,1.1,1.1,1.1,1.1,1.1,1,1,1,1,0.9,,-6.6,-18
,,,,,,,,,,,,,,,,,,,,,,,,,
,,,,,,,,,,,,,,,,,,,,,,,,,
,"Table 19: Direct Expenditure in the Irish Economy  (Payroll, Irish Materials, Irish Services)",,,,,,,,,,,,,,,,,,,,,,,,
,,2000,2001,2002,2003,2004,2005,2006,2007,2008,2009,2010,2011,2012,2013,2014,2015,2016,2017,2018,2019,2020,2021,19/20,Nov-20
,Broad Sector (NACE Rev3),€ m,€ m,€ m,€ m,€ m,€ m,€ m,€ m,€ m,€ m,€ m,€ m,€ m,€ m,€ m,€ m,€ m,€ m,€ m,€ m,€ m,€ m,%,%
Broad Sector NACE Rev3," Food, Drink & Primary Production ","7,600","8,157","7,947","7,515","7,685","7,980","7,995","8,567","8,360","7,005","7,512","8,505","8,575","9,260",..,"9,748","9,607","11,339","11,930","11,880","12,167",,2.4,43
, Traditional Manufacturing ,"3,578","3,873","3,714","3,727","3,839","3,740","4,036","4,145","3,883","2,882","2,559","2,847","2,799","3,136","3,665","4,052","3,950","4,421","4,531","4,798","4,645",,-3.2,63
, Modern Manufacturing ,598,660,670,625,602,644,688,718,668,591,591,649,737,718,781,858,917,"1,012","1,027","1,078","1,195",,10.9,84
," Energy, Water, Waste & Construction ","2,020","2,075","2,280","2,108","2,487","2,800","3,331","3,529","4,238","3,305","2,281","1,906","1,837","2,040",..,"2,655","3,109","3,343","3,508","3,890","4,196",,7.8,120
, Information & Communication Services ,872,969,810,724,777,846,921,"1,022","1,040",994,"1,072","1,219","1,306","1,364","1,554","1,780","1,768","1,973","2,102","2,295","2,202",,-4.1,81
," Business, Financial & Other Services ",882,"1,110","1,086","1,035","1,003","1,102","1,332","1,377","2,060","1,800","1,815","1,788","1,948","2,048","2,326","2,608","2,780","2,923","2,928","3,249","3,158",,-2.8,77
, Grand Total ,"15,550","16,844","16,507","15,733","16,394","17,113","18,304","19,358","20,249","16,576","15,829","16,913","17,203","18,567","20,288","21,701","22,131","25,011","26,025","27,190","27,563",,1.4,63
NUTS3 Region, Border ,"1,346","1,411","1,629","1,676","1,707","1,662","1,737","1,799","1,911","1,522","1,631","1,884","1,879","1,877","2,060","2,151","2,174","2,484","2,431","2,522","2,617",,3.8,39
, West ,816,980,992,977,953,963,964,940,"1,126","1,010",908,986,"1,071","1,121","1,181","1,229","1,224","1,331","1,352","1,479","1,537",,3.9,56
, Midlands ,790,849,769,802,982,"1,068","1,211","1,113","1,080",951,889,"1,014",989,"1,098","1,207","1,273","1,310","1,466","1,452","1,584","1,559",,-1.6,54
, Mid-East ,"1,957","1,973","1,864","1,632","1,762","1,989","2,121","2,175","2,660","2,333","2,211","2,520","2,747","2,837","3,080","3,316","3,217","3,555","3,706","3,856","3,852",,-0.1,53
, Dublin ,"4,542","4,984","5,256","5,111","5,076","5,403","5,972","6,075","6,321","5,215","4,417","4,139","4,087","4,448","5,138","5,787","6,359","6,900","7,218","7,616","7,626",,0.1,84
, South-East ,"3,200","3,432","2,949","2,739","2,988","2,996","3,240","3,400","2,977","2,357","2,552","2,919","2,838","3,039","3,173","3,161","3,151","3,638","4,107","4,232","4,275",,1,46
, South-West ,"1,914","2,135","2,141","1,809","1,987","2,053","2,066","2,692","2,588","2,039","2,151","2,450","2,559","3,058","3,272","3,498","3,357","4,073","4,022","4,201","4,323",,2.9,76
, Mid-West ,985,"1,082",906,986,939,981,992,"1,164","1,585","1,149","1,070","1,002","1,032","1,088","1,177","1,284","1,338","1,563","1,737","1,700","1,774",,4.3,77
, Grand Total ,"15,550","16,844","16,507","15,733","16,394","17,113","18,304","19,358","20,249","16,576","15,829","16,913","17,203","18,567","20,288","21,701","22,131","25,011","26,025","27,190","27,563",,1.4,63
